filename,GRD1_count,GRD2_count,GRD3_count,GRD4_count,GRD5_count,GRD1_conf_mean,GRD2_conf_mean,GRD3_conf_mean,GRD4_conf_mean,GRD5_conf_mean,total_detections,dominant_class_count,dominant_score_count,weighted_score_conf,plot_label_75,GRD1_area_px,GRD2_area_px,GRD3_area_px,GRD4_area_px,GRD5_area_px,total_mask_area_px,pct_image_masked,dominant_class_area,dominant_score_area,weighted_score_area,conf_mean,conf_min,conf_max
GN_NK_UG_21B_184.JPG,0,2,1,2,7,,0.4242,0.3178,0.587,0.5089,12,GRD5,5,4.262,GRD5,0.0,12410.0,694.0,11670.0,49632.0,74406.0,0.31,GRD5,5,4.324,0.4919,0.2641,0.8102
GN_NK_UG_21B_185.JPG,0,1,5,5,1,,0.3951,0.4683,0.592,0.2787,12,GRD3,3,3.523,GRD4,0.0,6208.0,15348.0,20096.0,1152.0,42804.0,0.18,GRD4,4,3.378,0.4979,0.2787,0.8462
GN_NK_UG_21B_186.JPG,0,2,1,0,5,,0.3968,0.2673,,0.5272,8,GRD5,5,4.211,GRD5,0.0,21424.0,1008.0,0.0,45744.0,68176.0,0.28,GRD5,5,4.028,0.4621,0.2673,0.7206
GN_NK_UG_21B_187.JPG,0,0,4,0,2,,,0.6866,,0.8031,6,GRD3,3,3.738,GRD4,0.0,0.0,10762.0,0.0,12992.0,23754.0,0.1,GRD5,5,4.094,0.7254,0.6073,0.8454
GN_NK_UG_21B_188.JPG,3,0,2,2,1,0.7338,,0.334,0.5769,0.3364,8,GRD1,1,2.409,GRD4,4196.0,0.0,12760.0,12343.0,5744.0,35043.0,0.15,GRD3,3,3.441,0.5449,0.2737,0.925
GN_NK_UG_21B_189.JPG,0,0,0,0,4,,,,,0.7695,4,GRD5,5,5.0,GRD5,0.0,0.0,0.0,0.0,20536.0,20536.0,0.09,GRD5,5,5.0,0.7695,0.6716,0.9192
GN_NK_UG_21B_19.JPG,0,5,0,1,9,,0.4672,,0.4414,0.5093,15,GRD5,5,3.988,GRD5,0.0,31550.0,0.0,2400.0,41859.0,75809.0,0.32,GRD5,5,3.72,0.4907,0.2726,0.7734
GN_NK_UG_21B_190.JPG,1,3,2,3,3,0.7712,0.6682,0.4804,0.5049,0.6812,12,GRD2,2,3.282,GRD4,2560.0,13256.0,3616.0,13920.0,22460.0,55812.0,0.23,GRD5,5,3.725,0.6079,0.2764,0.8982
GN_NK_UG_21B_191.JPG,0,0,1,0,5,,,0.7626,,0.602,6,GRD5,5,4.596,GRD5,0.0,0.0,2704.0,0.0,33564.0,36268.0,0.15,GRD5,5,4.851,0.6287,0.3393,0.7896
GN_NK_UG_21B_192.JPG,0,1,3,0,5,,0.5682,0.4609,,0.523,9,GRD5,5,4.021,GRD5,0.0,6336.0,3132.0,0.0,33193.0,42661.0,0.18,GRD5,5,4.408,0.5073,0.2663,0.8285
GN_NK_UG_21B_193.JPG,1,2,3,10,4,0.7243,0.5615,0.5065,0.5118,0.5187,20,GRD4,4,3.634,GRD4,1280.0,4998.0,7215.0,25587.0,15982.0,55062.0,0.23,GRD4,4,3.908,0.528,0.2588,0.8677
GN_NK_UG_21B_194.JPG,2,1,2,2,6,0.7636,0.554,0.5775,0.497,0.5602,13,GRD5,5,3.541,GRD5,3000.0,2496.0,4030.0,5512.0,20900.0,35938.0,0.15,GRD5,5,4.08,0.5839,0.2892,0.8795
GN_NK_UG_21B_195.JPG,2,3,2,4,6,0.5666,0.7027,0.455,0.3122,0.6255,17,GRD5,5,3.479,GRD5,3992.0,20320.0,3840.0,13528.0,24611.0,66291.0,0.28,GRD5,5,3.52,0.5384,0.2501,0.8938
GN_NK_UG_21B_196.JPG,0,0,2,3,4,,,0.5958,0.4902,0.751,9,GRD5,5,4.32,GRD5,0.0,0.0,4348.0,12025.0,23104.0,39477.0,0.16,GRD5,5,4.475,0.6296,0.3139,0.8129
GN_NK_UG_21B_197.JPG,6,0,2,1,2,0.5468,,0.4204,0.8773,0.7804,11,GRD1,1,2.609,GRD3,9080.0,0.0,5472.0,2704.0,8167.0,25423.0,0.11,GRD1,1,3.035,0.5963,0.3317,0.8773
GN_NK_UG_21B_198.JPG,0,1,1,4,7,,0.8579,0.6032,0.5611,0.5662,13,GRD5,5,4.214,GRD5,0.0,7188.0,2288.0,10927.0,32436.0,52839.0,0.22,GRD5,5,4.298,0.5899,0.2808,0.8579
GN_NK_UG_21B_199.JPG,0,1,5,0,6,,0.6821,0.7125,,0.7251,12,GRD5,5,3.933,GRD5,0.0,3645.0,7218.0,0.0,23297.0,34160.0,0.14,GRD5,5,4.257,0.7163,0.5352,0.8257
GN_NK_UG_21B_2.JPG,0,2,1,1,5,,0.4821,0.3921,0.5347,0.7174,9,GRD5,5,4.231,GRD5,0.0,9328.0,3360.0,2496.0,30332.0,45516.0,0.19,GRD5,5,4.183,0.6087,0.3266,0.8373
GN_NK_UG_21B_20.JPG,1,1,1,3,5,0.7631,0.5071,0.4336,0.3537,0.6395,11,GRD5,5,3.909,GRD5,1665.0,3229.0,2816.0,9242.0,23640.0,40592.0,0.17,GRD5,5,4.231,0.542,0.3036,0.7631
GN_NK_UG_21B_200.JPG,1,2,1,1,7,0.3437,0.3811,0.4446,0.4674,0.7275,12,GRD5,5,4.294,GRD5,2288.0,10556.0,3808.0,2266.0,43672.0,62590.0,0.26,GRD5,5,4.19,0.5926,0.3437,0.9212
GN_NK_UG_21B_201.JPG,0,3,0,2,7,,0.4299,,0.524,0.6149,12,GRD5,5,4.26,GRD5,0.0,15526.0,0.0,10930.0,43376.0,69832.0,0.29,GRD5,5,4.176,0.5535,0.3715,0.8407
GN_NK_UG_21B_21.JPG,0,3,2,1,0,,0.4354,0.4165,0.316,,6,GRD2,2,2.597,GRD3,0.0,19354.0,2850.0,6113.0,0.0,28317.0,0.12,GRD2,2,2.532,0.4092,0.316,0.6115
GN_NK_UG_21B_22.JPG,0,1,0,1,5,,0.297,,0.3531,0.6583,7,GRD5,5,4.684,GRD5,0.0,9072.0,0.0,4583.0,59823.0,73478.0,0.31,GRD5,5,4.567,0.5631,0.297,0.8031
GN_NK_UG_21B_23.JPG,1,1,0,3,8,0.7579,0.3367,,0.4991,0.5761,13,GRD5,5,4.231,GRD5,1280.0,5760.0,0.0,8266.0,31307.0,46613.0,0.19,GRD5,5,4.342,0.5539,0.2633,0.7735
GN_NK_UG_21B_24.JPG,1,1,2,3,2,0.6406,0.7745,0.6339,0.511,0.4665,9,GRD4,4,3.261,GRD4,1072.0,4032.0,4189.0,11349.0,4488.0,25130.0,0.1,GRD4,4,3.563,0.5721,0.3991,0.7745
GN_NK_UG_21B_25.JPG,0,2,0,2,12,,0.2956,,0.4918,0.5769,16,GRD5,5,4.676,GRD5,0.0,11904.0,0.0,8458.0,59985.0,80347.0,0.33,GRD5,5,4.45,0.5311,0.2595,0.8206
GN_NK_UG_21B_26.JPG,0,2,1,0,6,,0.5486,0.3073,,0.556,9,GRD5,5,4.176,GRD5,0.0,12505.0,834.0,0.0,33787.0,47126.0,0.2,GRD5,5,4.169,0.5268,0.3073,0.7516
GN_NK_UG_21B_27.JPG,2,2,1,3,1,0.8963,0.54,0.6201,0.5097,0.6876,9,GRD4,4,2.692,GRD4,5436.0,11504.0,1728.0,15032.0,6960.0,40660.0,0.17,GRD4,4,3.162,0.6344,0.4832,0.8995
GN_NK_UG_21B_28.JPG,0,4,0,0,8,,0.4719,,,0.6188,12,GRD5,5,4.172,GRD5,0.0,26379.0,0.0,0.0,56804.0,83183.0,0.35,GRD5,5,4.049,0.5698,0.3125,0.8038
GN_NK_UG_21B_29.JPG,2,2,2,0,3,0.5481,0.4718,0.6694,,0.4623,9,GRD5,5,2.924,GRD5,3162.0,9630.0,3141.0,0.0,9872.0,25805.0,0.11,GRD5,5,3.147,0.5295,0.2683,0.7969
GN_NK_UG_21B_3.JPG,1,0,3,6,7,0.2965,,0.4893,0.6579,0.6109,17,GRD5,5,4.192,GRD5,560.0,0.0,3470.0,19957.0,26436.0,50423.0,0.21,GRD5,5,4.422,0.5875,0.2965,0.8686
GN_NK_UG_21B_30.JPG,0,2,5,5,3,,0.44,0.4242,0.5451,0.713,15,GRD3,3,3.779,GRD4,0.0,18115.0,13859.0,22438.0,17072.0,71484.0,0.3,GRD4,4,3.538,0.5244,0.2575,0.7862
GN_NK_UG_21B_31.JPG,0,6,0,0,8,,0.3523,,,0.4974,14,GRD5,5,3.959,GRD5,0.0,41443.0,0.0,0.0,52036.0,93479.0,0.39,GRD5,5,3.67,0.4352,0.2899,0.6863
GN_NK_UG_21B_32.JPG,0,4,1,2,0,,0.5138,0.3462,0.555,,7,GRD2,2,2.731,GRD3,0.0,9855.0,784.0,3341.0,0.0,13980.0,0.06,GRD2,2,2.534,0.5016,0.2819,0.7284
GN_NK_UG_21B_33.JPG,0,2,0,1,6,,0.5468,,0.2977,0.5754,9,GRD5,5,4.261,GRD5,0.0,6272.0,0.0,2821.0,26774.0,35867.0,0.15,GRD5,5,4.397,0.5382,0.2916,0.8019
GN_NK_UG_21B_34.JPG,0,2,1,3,2,,0.6877,0.3784,0.399,0.4186,8,GRD4,4,3.395,GRD4,0.0,5424.0,3136.0,10403.0,6546.0,25509.0,0.11,GRD4,4,3.708,0.4735,0.2758,0.6932
GN_NK_UG_21B_35.JPG,0,0,2,1,5,,,0.6908,0.7378,0.596,8,GRD5,5,4.313,GRD5,0.0,0.0,3360.0,3360.0,23311.0,30031.0,0.13,GRD5,5,4.664,0.6374,0.3481,0.8131
GN_NK_UG_21B_36.JPG,0,4,0,1,12,,0.3276,,0.2721,0.455,17,GRD5,5,4.403,GRD5,0.0,25451.0,0.0,772.0,52201.0,78424.0,0.33,GRD5,5,4.017,0.4143,0.262,0.5817
GN_NK_UG_21B_37.JPG,0,1,4,0,4,,0.327,0.5523,,0.6028,9,GRD3,3,3.909,GRD5,0.0,2112.0,6418.0,0.0,8739.0,17269.0,0.07,GRD5,5,3.89,0.5497,0.327,0.6757
GN_NK_UG_21B_38.JPG,0,2,0,2,5,,0.5507,,0.5129,0.5626,9,GRD5,5,4.123,GRD5,0.0,8820.0,0.0,9216.0,25250.0,43286.0,0.18,GRD5,5,4.176,0.5489,0.3045,0.8134
GN_NK_UG_21B_39.JPG,1,2,1,2,3,0.5591,0.541,0.6355,0.6982,0.534,9,GRD5,5,3.455,GRD5,1408.0,6663.0,2560.0,9520.0,12866.0,33017.0,0.14,GRD5,5,3.781,0.5861,0.2765,0.7889
GN_NK_UG_21B_4.JPG,0,0,0,0,8,,,,,0.6483,8,GRD5,5,5.0,GRD5,0.0,0.0,0.0,0.0,40504.0,40504.0,0.17,GRD5,5,5.0,0.6483,0.3315,0.805
GN_NK_UG_21B_40.JPG,0,0,0,0,10,,,,,0.6176,10,GRD5,5,5.0,GRD5,0.0,0.0,0.0,0.0,52207.0,52207.0,0.22,GRD5,5,5.0,0.6176,0.4125,0.7641
GN_NK_UG_21B_41.JPG,0,3,0,2,10,,0.3895,,0.2825,0.5311,15,GRD5,5,4.422,GRD5,0.0,23253.0,0.0,5481.0,51754.0,80488.0,0.34,GRD5,5,4.065,0.4697,0.2579,0.792
GN_NK_UG_21B_42.JPG,0,0,0,0,5,,,,,0.5897,5,GRD5,5,5.0,GRD5,0.0,0.0,0.0,0.0,27304.0,27304.0,0.11,GRD5,5,5.0,0.5897,0.3058,0.7701
GN_NK_UG_21B_43.JPG,0,6,1,2,2,,0.5139,0.3582,0.4422,0.4464,11,GRD2,2,2.921,GRD4,0.0,18419.0,3584.0,4215.0,4736.0,30954.0,0.13,GRD2,2,2.847,0.4745,0.2624,0.8645
GN_NK_UG_21B_44.JPG,0,3,1,5,8,,0.4029,0.2704,0.5176,0.5287,17,GRD5,5,4.186,GRD5,0.0,7118.0,864.0,12172.0,32846.0,53000.0,0.22,GRD5,5,4.335,0.488,0.2704,0.8627
GN_NK_UG_21B_45.JPG,0,1,1,5,6,,0.4483,0.6949,0.4058,0.6189,13,GRD5,5,4.308,GRD5,0.0,4160.0,2056.0,20907.0,27168.0,54291.0,0.23,GRD5,5,4.309,0.5297,0.2835,0.8231
GN_NK_UG_21B_46.JPG,0,0,0,1,7,,,,0.4598,0.5498,8,GRD5,5,4.893,GRD5,0.0,0.0,0.0,1900.0,44674.0,46574.0,0.19,GRD5,5,4.959,0.5385,0.3336,0.7357
GN_NK_UG_21B_47.JPG,3,0,5,1,1,0.634,,0.6988,0.5768,0.3612,10,GRD3,3,2.605,GRD3,4640.0,0.0,11093.0,3264.0,4042.0,23039.0,0.1,GRD3,3,3.09,0.6334,0.3403,0.8213
GN_NK_UG_21B_48.JPG,2,2,3,7,2,0.5266,0.5138,0.6556,0.44,0.6167,16,GRD4,4,3.289,GRD4,2420.0,4218.0,3979.0,16946.0,12768.0,40331.0,0.17,GRD4,4,3.829,0.5226,0.2555,0.7436
GN_NK_UG_21B_49.JPG,0,2,0,3,5,,0.4586,,0.3825,0.709,10,GRD5,5,4.305,GRD5,0.0,11006.0,0.0,10574.0,20016.0,41596.0,0.17,GRD5,5,3.952,0.561,0.3242,0.8363
GN_NK_UG_21B_5.JPG,1,0,2,0,4,0.614,,0.3418,,0.7901,7,GRD5,5,4.142,GRD5,1728.0,0.0,3072.0,0.0,21233.0,26033.0,0.11,GRD5,5,4.498,0.6368,0.3067,0.873
GN_NK_UG_21B_50.JPG,0,2,7,2,2,,0.3175,0.5549,0.3981,0.4013,13,GRD3,3,3.289,GRD4,0.0,3840.0,12284.0,7469.0,4639.0,28232.0,0.12,GRD3,3,3.457,0.4707,0.2674,0.7707
GN_NK_UG_21B_51.JPG,0,0,5,3,2,,,0.6087,0.5643,0.4967,10,GRD3,3,3.642,GRD4,0.0,0.0,11026.0,10291.0,7118.0,28435.0,0.12,GRD3,3,3.863,0.573,0.3878,0.725
GN_NK_UG_21B_52.JPG,0,1,5,2,5,,0.6206,0.4159,0.5129,0.4816,13,GRD3,3,3.851,GRD5,0.0,4564.0,7567.0,5370.0,11793.0,29294.0,0.12,GRD5,5,3.833,0.4718,0.2505,0.7646
GN_NK_UG_21B_53.JPG,0,1,4,2,5,,0.3958,0.3891,0.4488,0.6034,12,GRD5,5,4.114,GRD5,0.0,1406.0,4256.0,7594.0,23044.0,36300.0,0.15,GRD5,5,4.44,0.4889,0.268,0.809
GN_NK_UG_21B_54.JPG,0,1,2,3,5,,0.5518,0.4556,0.6575,0.6393,11,GRD5,5,4.178,GRD5,0.0,3467.0,4749.0,11744.0,27396.0,47356.0,0.2,GRD5,5,4.332,0.6029,0.3064,0.8194
GN_NK_UG_21B_55.JPG,0,1,5,4,0,,0.4799,0.4573,0.5961,,10,GRD3,3,3.37,GRD4,0.0,2240.0,9791.0,10923.0,0.0,22954.0,0.1,GRD4,4,3.378,0.5151,0.2627,0.8446
GN_NK_UG_21B_56.JPG,0,1,2,1,0,,0.8573,0.6143,0.6276,,4,GRD3,3,2.915,GRD3,0.0,1673.0,2000.0,896.0,0.0,4569.0,0.02,GRD3,3,2.83,0.6784,0.5026,0.8573
GN_NK_UG_21B_57.JPG,0,0,1,1,1,,,0.6087,0.5439,0.723,3,GRD3,3,4.061,GRD4,0.0,0.0,639.0,3360.0,3422.0,7421.0,0.03,GRD5,5,4.375,0.6252,0.5439,0.723
GN_NK_UG_21B_58.JPG,0,5,4,2,5,,0.4351,0.4173,0.4184,0.4279,16,GRD2,2,3.431,GRD5,0.0,19984.0,7557.0,6076.0,24362.0,57979.0,0.24,GRD5,5,3.6,0.4263,0.2517,0.5918
GN_NK_UG_21B_59.JPG,0,2,1,2,4,,0.6922,0.4808,0.4503,0.6876,9,GRD5,5,3.909,GRD5,0.0,16360.0,1408.0,7360.0,20626.0,45754.0,0.19,GRD5,5,3.705,0.6129,0.298,0.799
GN_NK_UG_21B_6.JPG,1,5,6,12,0,0.3616,0.4272,0.3465,0.4703,,24,GRD4,4,3.272,GRD4,456.0,23599.0,10046.0,30752.0,0.0,64853.0,0.27,GRD4,4,3.096,0.4259,0.2605,0.7945
GN_NK_UG_21B_60.JPG,0,3,2,5,4,,0.6271,0.4749,0.4272,0.4147,14,GRD4,4,3.539,GRD4,0.0,15848.0,3136.0,14815.0,27753.0,61552.0,0.26,GRD5,5,3.885,0.4733,0.2959,0.7357
GN_NK_UG_21B_61.JPG,1,0,1,0,6,0.7463,,0.3688,,0.6984,8,GRD5,5,4.298,GRD5,876.0,0.0,1132.0,0.0,46216.0,48224.0,0.2,GRD5,5,4.88,0.6632,0.3688,0.8726
GN_NK_UG_21B_62.JPG,0,0,0,0,8,,,,,0.6087,8,GRD5,5,5.0,GRD5,0.0,0.0,0.0,0.0,56624.0,56624.0,0.24,GRD5,5,5.0,0.6087,0.2811,0.856
GN_NK_UG_21B_63.JPG,4,1,6,7,0,0.6999,0.2533,0.5032,0.5817,,18,GRD4,4,2.824,GRD4,4349.0,3952.0,10764.0,21985.0,0.0,41050.0,0.17,GRD4,4,3.227,0.5636,0.2533,0.879
GN_NK_UG_21B_64.JPG,0,3,3,6,1,,0.6907,0.3828,0.5423,0.2886,13,GRD4,4,3.26,GRD4,0.0,20720.0,6272.0,17599.0,10336.0,54927.0,0.23,GRD2,2,3.32,0.5202,0.2666,0.8264
GN_NK_UG_21B_65.JPG,0,2,0,1,9,,0.4576,,0.2648,0.5564,12,GRD5,5,4.513,GRD5,0.0,6618.0,0.0,1664.0,40920.0,49202.0,0.21,GRD5,5,4.563,0.5156,0.2648,0.8398
GN_NK_UG_21B_66.JPG,0,0,1,1,6,,,0.4834,0.5271,0.5995,8,GRD5,5,4.676,GRD5,0.0,0.0,1203.0,2672.0,36369.0,40244.0,0.17,GRD5,5,4.874,0.576,0.2686,0.8246
GN_NK_UG_21B_67.JPG,1,3,3,0,3,0.52,0.3743,0.6252,,0.5271,10,GRD2,2,3.196,GRD4,1236.0,21418.0,2245.0,0.0,15572.0,40471.0,0.17,GRD2,2,3.179,0.51,0.2675,0.7476
GN_NK_UG_21B_68.JPG,0,2,1,2,1,,0.5014,0.7369,0.6264,0.8278,6,GRD2,2,3.499,GRD4,0.0,12803.0,3010.0,16544.0,6144.0,38501.0,0.16,GRD4,4,3.416,0.6367,0.4078,0.8278
GN_NK_UG_21B_69.JPG,0,0,3,3,2,,,0.6613,0.6053,0.7841,8,GRD3,3,3.923,GRD4,0.0,0.0,7848.0,12314.0,10096.0,30258.0,0.13,GRD4,4,4.074,0.671,0.4252,0.8311
GN_NK_UG_21B_7.JPG,2,1,4,3,1,0.5473,0.5604,0.5913,0.5482,0.6481,11,GRD3,3,3.03,GRD4,3680.0,1440.0,7889.0,7737.0,5120.0,25866.0,0.11,GRD3,3,3.355,0.5739,0.2712,0.7824
GN_NK_UG_21B_70.JPG,1,2,5,2,1,0.3178,0.4829,0.5397,0.3165,0.816,11,GRD3,3,3.122,GRD3,768.0,5988.0,7362.0,4158.0,7675.0,25951.0,0.11,GRD5,5,3.462,0.4938,0.2917,0.816
GN_NK_UG_21B_71.JPG,0,2,1,1,8,,0.4295,0.3743,0.6744,0.6318,12,GRD5,5,4.425,GRD5,0.0,14496.0,1296.0,2080.0,47807.0,65679.0,0.27,GRD5,5,4.267,0.5801,0.3359,0.8246
GN_NK_UG_21B_72.JPG,6,1,5,2,0,0.5868,0.6933,0.4285,0.5357,,14,GRD1,1,2.103,GRD3,9417.0,4080.0,8077.0,5296.0,0.0,26870.0,0.11,GRD1,1,2.344,0.5306,0.2962,0.9057
GN_NK_UG_21B_73.JPG,2,1,2,1,4,0.4877,0.2927,0.5917,0.3199,0.4554,10,GRD5,5,3.374,GRD5,4117.0,3829.0,1787.0,2912.0,10966.0,23611.0,0.1,GRD5,5,3.541,0.4593,0.2676,0.8074
GN_NK_UG_21B_74.JPG,1,3,1,2,4,0.6536,0.5324,0.5951,0.5953,0.6855,11,GRD5,5,3.556,GRD5,3120.0,15630.0,3360.0,9939.0,20128.0,52177.0,0.22,GRD5,5,3.543,0.6162,0.2786,0.8564
GN_NK_UG_21B_75.JPG,0,0,1,1,2,,,0.7354,0.6046,0.6833,4,GRD5,5,4.233,GRD5,0.0,0.0,1900.0,4785.0,12115.0,18800.0,0.08,GRD5,5,4.543,0.6766,0.6046,0.7354
GN_NK_UG_21B_76.JPG,0,1,4,3,2,,0.7007,0.6514,0.7263,0.796,10,GRD3,3,3.659,GRD4,0.0,6974.0,4700.0,5712.0,10836.0,28222.0,0.12,GRD5,5,3.723,0.7077,0.553,0.8179
GN_NK_UG_21B_77.JPG,0,1,1,2,5,,0.7304,0.2713,0.6479,0.8035,9,GRD5,5,4.362,GRD5,0.0,6340.0,3751.0,6666.0,22220.0,38977.0,0.16,GRD5,5,4.149,0.7017,0.2713,0.9081
GN_NK_UG_21B_78.JPG,0,1,2,3,4,,0.2553,0.7116,0.651,0.5282,10,GRD5,5,4.031,GRD5,0.0,2112.0,3184.0,10258.0,16464.0,32018.0,0.13,GRD5,5,4.283,0.5744,0.2553,0.8206
GN_NK_UG_21B_79.JPG,0,2,1,0,6,,0.3053,0.5848,,0.6905,9,GRD5,5,4.438,GRD5,0.0,10654.0,1914.0,0.0,26111.0,38679.0,0.16,GRD5,5,4.075,0.5931,0.2506,0.8464
GN_NK_UG_21B_8.JPG,3,2,6,1,2,0.6169,0.6191,0.4401,0.7022,0.7594,14,GRD3,3,2.849,GRD3,5231.0,2692.0,9083.0,2112.0,8258.0,27376.0,0.11,GRD3,3,3.2,0.5679,0.2687,0.7956
GN_NK_UG_21B_80.JPG,0,0,1,2,2,,,0.5389,0.3825,0.6445,5,GRD4,4,4.289,GRD5,0.0,0.0,840.0,6978.0,9782.0,17600.0,0.07,GRD5,5,4.508,0.5186,0.3651,0.7607
GN_NK_UG_21B_81.JPG,0,3,0,0,9,,0.3009,,,0.4514,12,GRD5,5,4.455,GRD5,0.0,19808.0,0.0,0.0,80230.0,100038.0,0.42,GRD5,5,4.406,0.4138,0.2602,0.6397
GN_NK_UG_21B_82.JPG,0,1,0,1,3,,0.3377,,0.3037,0.6148,5,GRD5,5,4.47,GRD5,0.0,9152.0,0.0,3584.0,22252.0,34988.0,0.15,GRD5,5,4.113,0.4972,0.2579,0.8876
GN_NK_UG_21B_83.JPG,0,3,2,0,3,,0.4104,0.4631,,0.5379,8,GRD2,2,3.529,GRD5,0.0,14465.0,6987.0,0.0,16784.0,38236.0,0.16,GRD5,5,3.5,0.4714,0.2533,0.7544
GN_NK_UG_21B_84.JPG,0,2,2,8,3,,0.3488,0.515,0.5639,0.5428,15,GRD4,4,3.899,GRD4,0.0,14400.0,4192.0,35764.0,14479.0,68835.0,0.29,GRD4,4,3.731,0.5245,0.2701,0.8001
GN_NK_UG_21B_85.JPG,1,1,1,0,5,0.624,0.7598,0.3546,,0.6051,8,GRD5,5,3.849,GRD5,1760.0,7140.0,1168.0,0.0,17940.0,28008.0,0.12,GRD5,5,3.9,0.5955,0.3546,0.7598
GN_NK_UG_21B_86.JPG,4,0,4,1,4,0.6139,,0.4614,0.5371,0.693,13,GRD1,1,3.154,GRD5,6718.0,0.0,6306.0,6918.0,24356.0,44298.0,0.18,GRD5,5,3.953,0.5854,0.2603,0.8981
GN_NK_UG_21B_87.JPG,1,1,1,1,8,0.2716,0.2737,0.4339,0.6449,0.671,12,GRD5,5,4.511,GRD5,784.0,5824.0,784.0,4385.0,46522.0,58299.0,0.24,GRD5,5,4.544,0.5827,0.2716,0.8424
GN_NK_UG_21B_88.JPG,0,0,0,2,8,,,,0.5332,0.605,10,GRD5,5,4.819,GRD5,0.0,0.0,0.0,13878.0,44531.0,58409.0,0.24,GRD5,5,4.762,0.5906,0.3563,0.805
GN_NK_UG_21B_89.JPG,0,7,4,4,4,,0.4579,0.3612,0.501,0.4282,19,GRD2,2,3.266,GRD4,0.0,30247.0,5729.0,12359.0,23327.0,71662.0,0.3,GRD2,2,3.401,0.4404,0.2608,0.7636
GN_NK_UG_21B_9.JPG,0,2,0,2,7,,0.3661,,0.5668,0.6189,11,GRD5,5,4.463,GRD5,0.0,7762.0,0.0,3323.0,40201.0,51286.0,0.21,GRD5,5,4.481,0.5634,0.3333,0.7662
GN_NK_UG_21B_90.JPG,0,1,4,3,4,,0.43,0.7539,0.6151,0.5012,12,GRD3,3,3.744,GRD5,0.0,6618.0,7972.0,10914.0,24756.0,50260.0,0.21,GRD5,5,4.071,0.608,0.3281,0.8276
GN_NK_UG_21B_91.JPG,0,1,8,2,0,,0.3708,0.6167,0.3173,,11,GRD3,3,3.044,GRD3,0.0,4005.0,14007.0,4716.0,0.0,22728.0,0.09,GRD3,3,3.031,0.5399,0.2707,0.7796
GN_NK_UG_21B_92.JPG,0,0,4,11,1,,,0.4162,0.5122,0.2672,16,GRD4,4,3.815,GRD4,0.0,0.0,10483.0,54916.0,4480.0,69879.0,0.29,GRD4,4,3.914,0.4729,0.2672,0.7742
GN_NK_UG_21B_93.JPG,0,5,0,1,12,,0.3758,,0.7635,0.4447,18,GRD5,5,4.198,GRD5,0.0,28144.0,0.0,3120.0,65045.0,96309.0,0.4,GRD5,5,4.091,0.4433,0.2822,0.7635
GN_NK_UG_21B_94.JPG,0,0,0,2,9,,,,0.414,0.5276,11,GRD5,5,4.852,GRD5,0.0,0.0,0.0,9199.0,59480.0,68679.0,0.29,GRD5,5,4.866,0.5069,0.2911,0.6914
GN_NK_UG_21B_95.JPG,1,2,1,2,11,0.3543,0.3688,0.7546,0.3524,0.5381,17,GRD5,5,4.31,GRD5,452.0,10680.0,1704.0,2558.0,63798.0,79192.0,0.33,GRD5,5,4.497,0.4983,0.292,0.7623
GN_NK_UG_21B_96.JPG,0,1,0,5,5,,0.5224,,0.5498,0.5877,11,GRD4,4,4.305,GRD5,0.0,3886.0,0.0,9823.0,26709.0,40418.0,0.17,GRD5,5,4.469,0.5645,0.2532,0.7459
GN_NK_UG_21B_97.JPG,1,2,4,4,0,0.8243,0.4326,0.3974,0.6726,,11,GRD3,3,3.03,GRD4,1024.0,20092.0,6496.0,19918.0,0.0,47530.0,0.2,GRD2,2,2.953,0.5427,0.3163,0.8243
GN_NK_UG_21B_98.JPG,3,5,2,1,1,0.6411,0.5597,0.363,0.3574,0.6211,12,GRD2,2,2.215,GRD3,5824.0,24644.0,4944.0,3811.0,11856.0,51079.0,0.21,GRD2,2,2.828,0.5355,0.3055,0.8794
GN_NK_UG_21B_99.JPG,1,3,3,1,5,0.8561,0.423,0.7166,0.508,0.5385,13,GRD5,5,3.39,GRD5,820.0,8973.0,6805.0,3744.0,16129.0,36471.0,0.15,GRD5,5,3.696,0.5751,0.2744,0.8561
